path,group,purpose
.gitignore,"Package documentation, templates and dependencies","Keeps local environments, generated records and user projects out of version control."
CSV_STORAGE.md,"Package documentation, templates and dependencies","Explains CSV histories, current views, backups, migration and explorer export."
DATA STRUCTURE.md,"Package documentation, templates and dependencies",Explains package folders and the data created when a user starts a review.
Literature review toolkit - complete guide.pdf,"Package documentation, templates and dependencies",Provides the illustrated guide from project setup to review and export.
NETWORK_AND_MODEL_AUDIT.md,"Package documentation, templates and dependencies","Documents network access, model-related behaviour and recorded checks."
PACKAGE_MANIFEST.json,"Package documentation, templates and dependencies","Records the empty software release, its checks and packaged file hashes."
README.md,"Package documentation, templates and dependencies",Introduces the empty toolkit and links to setup instructions and documentation.
SCRIPT_INVENTORY.md,"Package documentation, templates and dependencies",Summarises scripts and interface assets included in the package.
START_HERE.md,"Package documentation, templates and dependencies",Gives installation and first-use instructions.
Setup.cmd,Launchers and workflow,Starts Python environment setup on Windows.
Start review.cmd,Launchers and workflow,Opens browser setup for a new or saved review.
TECHNICAL_DOCUMENTATION.md,"Package documentation, templates and dependencies","Explains architecture, data flow, commands and operational behaviour."
Toolkit inventory.html,Workflow and full inventory,Readable workflow figure followed by the complete inventory; opens without installation.
Toolkit workflow.pdf,Workflow and full inventory,"Vector workflow figure showing every script, shared helper and test."
Toolkit workflow.png,Workflow and full inventory,Raster copy of the workflow figure for compatible image viewers.
Toolkit workflow.svg,Workflow and full inventory,Scalable workflow figure used at the beginning of the inventory.
Toolkit_File_Inventory.csv,Workflow and full inventory,One-row-per-file inventory describing every file in this release.
Toolkit_Inventory.md,Workflow and full inventory,Markdown version of the workflow figure and full inventory.
bootstrap_env.py,Launchers and workflow,Creates or repairs the Python environment and installs dependencies.
handoff.py,Launchers and workflow,Transfers human full-text Include decisions and PDF links into a new review run.
pdf_import_template.csv,"Package documentation, templates and dependencies",Provides an empty record-ID-to-PDF-path import template.
projects/_template/project.json,"Package documentation, templates and dependencies",Provides an empty search-project configuration.
requirements-optional-ml.txt,"Package documentation, templates and dependencies",Lists dependencies for the optional title/abstract SVM backcheck.
requirements-test.txt,"Package documentation, templates and dependencies",Adds the PDF-generation dependency used by synthetic tests.
requirements.txt,"Package documentation, templates and dependencies",Lists the toolkit's PDF and HTTP runtime dependencies.
search_log_template.csv,"Package documentation, templates and dependencies","Provides fields for recording databases, queries, dates, filters and exports."
toolkit.py,Launchers and workflow,"Provides commands to create, check, list and run review projects."
toolkit/analyse_fulltexts.py,"Search, screening and draft reports",Extracts PDF text and suggests eligibility with page-linked excerpts.
toolkit/apply_adjudications.py,"Search, screening and draft reports",Applies recorded reviewer corrections and logs when each change was applied.
toolkit/assess_corpus.py,"Search, screening and draft reports","Drafts domains, technology tier, decision link and contribution notes."
toolkit/audit_dedup.py,"Search, screening and draft reports",Reports suspected false merges and missed duplicates without changing records.
toolkit/backcheck_classifier.py,"Search, screening and draft reports",Uses completed human decisions to train an optional SVM and suggest undecided cases.
toolkit/build_fulltext_audit.py,"Search, screening and draft reports",Collects supporting passages and flags mismatches between draft labels and source text.
toolkit/build_overview.py,"Search, screening and draft reports",Creates a provisional corpus CSV and count summary from screening records.
toolkit/build_supplementary_review.py,"Search, screening and draft reports",Creates a standalone page for reviewing citation-chasing candidates.
toolkit/build_synthesis.py,"Search, screening and draft reports",Creates a template-based draft summary of the charted corpus.
toolkit/chase_screen.py,"Search, screening and draft reports",Suggests decisions and a review shortlist for citation-chasing candidates.
toolkit/citation_chase.py,"Search, screening and draft reports",Finds cited and citing papers through Crossref and OpenAlex.
toolkit/completeness_check.py,"Search, screening and draft reports",Compares OpenAlex or manually collected search hits with the review records.
toolkit/core_domains.py,"Search, screening and draft reports",Proposes core versus secondary domains and applies reviewer choices to the draft export.
toolkit/corpus_files.py,"Search, screening and draft reports","Maintains project PDF copies, their manifest and full-text decision records."
toolkit/export_bibtex.py,"Search, screening and draft reports",Exports kept or included records as BibTeX references.
toolkit/export_latex_listing.py,"Search, screening and draft reports",Creates a draft LaTeX corpus listing grouped by tier and primary domain.
toolkit/import_pdf_manifest.py,"Search, screening and draft reports",Copies PDFs using an explicit record-to-file mapping.
toolkit/ingest_pending.py,"Search, screening and draft reports",Adds human-selected citation candidates to the pending full-text queue.
toolkit/lib.py,"Search, screening and draft reports","Provides shared import, CSV, text-extraction, matching and network helpers."
toolkit/merge_abstracts.py,"Search, screening and draft reports",Fills missing abstracts from additional exports matched by DOI or title.
toolkit/merge_screen.py,"Search, screening and draft reports","Imports database exports, removes duplicates and suggests title/abstract decisions."
toolkit/organise_folders.py,"Search, screening and draft reports",Copies included PDFs into folders by technology tier and core domain.
toolkit/pdfs.py,"Search, screening and draft reports","Collects PDFs, matches them to records and checks their first-page title or DOI."
toolkit/project_config.py,"Search, screening and draft reports","Loads and validates project paths, search vocabulary, rules and taxonomy."
toolkit/recall_check.py,"Search, screening and draft reports",Checks citation links among database Includes as a search-coverage probe.
toolkit/recommend_fulltext.py,"Search, screening and draft reports",Combines metadata and full-text rules into preliminary eligibility recommendations.
toolkit/recover_csv.py,"Search, screening and draft reports",Backs up a damaged screening CSV and rebuilds missing rows from deduplicated records.
toolkit/review_workspace/.gitignore,"Workspace documentation, templates and dependencies","Excludes generated environments, caches, runs, logs and local settings from Git."
toolkit/review_workspace/README.md,"Workspace documentation, templates and dependencies",Introduces the combined review module and its entry points.
toolkit/review_workspace/SCRIPT_INVENTORY.md,"Workspace documentation, templates and dependencies",Points to the package-level script inventory.
toolkit/review_workspace/START_HERE.md,"Workspace documentation, templates and dependencies",Explains how to start or resume a combined review.
toolkit/review_workspace/STRUCTURED_REVIEW.md,"Workspace documentation, templates and dependencies","Explains answer choices, reading priorities, synthesis maps and saved states."
toolkit/review_workspace/TECHNICAL_DOCUMENTATION.md,"Workspace documentation, templates and dependencies","Describes extraction, passage rules, persistence and review services."
toolkit/review_workspace/USER_GUIDE.md,"Workspace documentation, templates and dependencies","Explains review forms, source checking, decisions and exports."
toolkit/review_workspace/assessment_browser.py,Combined review workspace,"Exports a portable, read-only corpus explorer with summary CSV and settings."
toolkit/review_workspace/choices.py,Combined review workspace,"Validates single-choice, multiple-choice and mutually exclusive answers."
toolkit/review_workspace/classification_store.py,Combined review workspace,"Validates and saves category/domain decisions, confirmations and exports."
toolkit/review_workspace/csv_storage.py,Combined review workspace,"Stores typed CSV revisions with checksums, atomic saves, locks and archive export."
toolkit/review_workspace/domain_rules.py,Combined review workspace,Suggests labels from configured terms and context checks in source passages.
toolkit/review_workspace/launch.py,Combined review workspace,Starts or reconnects to a saved review without re-extracting its sources.
toolkit/review_workspace/migrate_legacy.py,Combined review workspace,Copies older SQLite/JSON reviews into a new CSV run while preserving the originals.
toolkit/review_workspace/paper_sections.py,Combined review workspace,Finds abstracts and conclusions and saves their source passages and boundary status.
toolkit/review_workspace/passages.py,Combined review workspace,Divides page text into passages while preserving page numbers and exact text positions.
toolkit/review_workspace/prepare_review.py,Combined review workspace,"Prepares PDF text, category/domain suggestions and blank review forms."
toolkit/review_workspace/project.template.json,"Workspace documentation, templates and dependencies","Provides an empty configuration for categories, domains and evidence fields."
toolkit/review_workspace/project_setup.py,Combined review workspace,Validates review settings and provides optional command-line configuration.
toolkit/review_workspace/reading_plan.py,Combined review workspace,Assigns configured reading priorities and saves brief-check decisions separately.
toolkit/review_workspace/records_template.csv,"Workspace documentation, templates and dependencies",Shows the required metadata columns with an example record.
toolkit/review_workspace/requirements-tests.txt,"Workspace documentation, templates and dependencies",Adds the pinned PDF-generation dependency for module tests.
toolkit/review_workspace/requirements.txt,"Workspace documentation, templates and dependencies",Pins the PDF parsers used by this module.
toolkit/review_workspace/run_synthesis.py,Combined review workspace,Runs the extraction command or starts the local evidence-review server.
toolkit/review_workspace/setup_server.py,Combined review workspace,"Checks inputs, prepares new reviews and opens saved reviews through browser setup."
toolkit/review_workspace/setup_ui/index.html,Review setup interface,"Defines the setup wizard for files, categories, domains and evidence fields."
toolkit/review_workspace/setup_ui/setup.css,Review setup interface,Formats the review setup wizard.
toolkit/review_workspace/setup_ui/setup.js,Review setup interface,"Handles file selection, configuration, input checks and preparation progress."
toolkit/review_workspace/start.py,Combined review workspace,Opens browser setup or resumes a specified review run.
toolkit/review_workspace/synthesis/__init__.py,"Evidence, storage and synthesis services",Defines the combined review module's software version.
toolkit/review_workspace/synthesis/engine.py,"Evidence, storage and synthesis services",Searches local passages and assigns stable identifiers to exact quotations.
toolkit/review_workspace/synthesis/extract.py,"Evidence, storage and synthesis services","Creates a new evidence run with extracted page text, source hashes and warnings."
toolkit/review_workspace/synthesis/schema.py,"Evidence, storage and synthesis services","Defines configurable evidence fields, answer states and blank review records."
toolkit/review_workspace/synthesis/server.py,"Evidence, storage and synthesis services","Serves the combined interface, local PDFs, source search and review/export endpoints."
toolkit/review_workspace/synthesis/static/app.js,Combined review and explorer interface,"Controls paper navigation, evidence forms, source search, saving and synthesis views."
toolkit/review_workspace/synthesis/static/choices.js,Combined review and explorer interface,Builds choice controls and summaries and displays earlier saved notes.
toolkit/review_workspace/synthesis/static/classification.js,Combined review and explorer interface,"Displays category/domain forms, source suggestions and classification maps."
toolkit/review_workspace/synthesis/static/index.html,Combined review and explorer interface,"Defines the combined paper, evidence, classification, synthesis and export views."
toolkit/review_workspace/synthesis/static/reading.js,Combined review and explorer interface,Displays reading priorities and saves brief or detailed reading choices.
toolkit/review_workspace/synthesis/static/snapshot.css,Combined review and explorer interface,Applies the read-only explorer presentation.
toolkit/review_workspace/synthesis/static/snapshot.js,Combined review and explorer interface,Adapts exported summary CSVs to the shared interface without a server or editing.
toolkit/review_workspace/synthesis/static/style.css,Combined review and explorer interface,Formats the combined review interface and its maps.
toolkit/review_workspace/synthesis/static/synthesis-map.js,Combined review and explorer interface,"Computes unique-paper counts, matrices and filters linking map cells to papers."
toolkit/review_workspace/synthesis/store.py,"Evidence, storage and synthesis services",Validates and saves evidence and synthesis notes; checks sources and prepares exports.
toolkit/review_workspace/test_configurable.py,Automated tests,"Tests configurable categories, fields and review integration using synthetic papers."
toolkit/review_workspace/test_confirmed_exports.py,Automated tests,Tests that incomplete or stale classifications cannot be exported as confirmed.
toolkit/review_workspace/test_csv_storage.py,Automated tests,"Tests CSV round trips, competing saves, corruption, backups and migration."
toolkit/review_workspace/test_paper_sections.py,Automated tests,"Tests section boundaries, exact quotation positions and missing-section handling."
toolkit/review_workspace/test_reading_choices.py,Automated tests,"Tests reading depth, structured answers and preservation of earlier notes."
toolkit/review_workspace/test_setup.py,Automated tests,"Tests input validation, setup access checks and protection against duplicate preparation."
toolkit/review_workspace/test_snapshot.cjs,Automated tests,"Tests CSV parsing, preserved review states and the read-only explorer adapter."
toolkit/review_workspace/test_synthesis_map.cjs,Automated tests,"Tests unique-paper counts, overlapping labels, missing answers and map filters."
toolkit/ui/app.js,Screening interface,"Handles screening filters, paper cards, decisions and draft assessment views."
toolkit/ui/audit.css,Screening interface,Formats the full-text audit page.
toolkit/ui/audit.js,Screening interface,Displays flagged label/source mismatches and records reviewer responses.
toolkit/ui/build_data.py,Screening interface,"Converts screening records, draft labels and evidence into browser data."
toolkit/ui/evidence.py,Screening interface,Selects short title/abstract quotations supporting screening suggestions.
toolkit/ui/fulltext_audit.html,Screening interface,Defines the full-text audit page.
toolkit/ui/index.html,Screening interface,Defines the screening and corpus-review page.
toolkit/ui/runner.py,Screening interface,"Runs review stages and reports project files, progress and status."
toolkit/ui/serve.py,Screening interface,Serves the local screening interface and saves reviewer decisions.
toolkit/ui/setup.html,Screening interface,Defines the search-project settings and stage-control page.
toolkit/ui/setup.js,Screening interface,"Edits project settings, tests rules and controls stage execution."
toolkit/ui/styles.css,Screening interface,Formats the screening and assessment interface.
toolkit/ui/supplementary_review_template.html,Screening interface,Supplies the standalone citation-candidate page and decision export.
toolkit/ui/theme.css,Screening interface,Provides the shared appearance used across browser stages.
toolkit/ui/workflow.html,Screening interface,Explains how to transfer screened papers to the combined review workspace.
workflow.py,Launchers and workflow,Starts the browser setup server from the package root.
